Workbook

Sheet Hotels
A1: Hotel ID | B1: Hotel Name | C1: District | D1: Location/Town | E1: Category | F1: Star Rating | G1: Rooms Available | H1: Base Rate (Per Night) | I1: Peak Season Rate | J1: Off Season Rate | K1: Extra Bed Charge | L1: Meal Plan | M1: Contact Person | N1: Phone | O1: WhatsApp | P1: Email | Q1: Status | R1: Firebase Synced? | S1: Last Verified Date | T1: Notes | U1: Image/Link
A2: HTL-001 | B2: Hotel Apple Blossom | C2: Manali | D2: Manali Mall Road | E2: Budget | F2: 2 | G2: 18 | H2: 1800 | I2: 2800 | J2: 1200 | K2: 500 | L2: CP | M2: Rakesh Thakur | N2: 9876500001 | O2: 9876500001 | P2: appleblossom@example.com | Q2: Active | R2: Yes | S2: 2026-06-01 | T2: Reliable, good for budget packages
A3: HTL-002 | B3: Snow Valley Resort | C3: Manali | D3: Old Manali | E3: Premium | F3: 4 | G3: 22 | H3: 4500 | I3: 7000 | J3: 3200 | K3: 900 | L3: MAP | M3: Sunita Devi | N3: 9876500002 | O3: 9876500002 | P3: snowvalley@example.com | Q3: Active | R3: Yes | S3: 2026-05-20 | T3: Good for honeymoon pkgs, mountain view rooms
A4: HTL-003 | B4: Heritage Inn Shimla | C4: Shimla | D4: Mall Road | E4: Premium | F4: 3 | G4: 15 | H4: 3500 | I4: 5500 | J4: 2800 | K4: 700 | L4: CP | M4: Vikram Negi | N4: 9876500003 | P4: heritageinn@example.com | Q4: Active | R4: No | S4: 2026-04-10 | T4: Need to push to Firebase

Sheet Find a Hotel
A1: Find a Hotel — Quick Lookup
A2: Set filters below. Table updates automatically from the Hotels sheet (it's just sorted/filtered there).
A4: HOW TO USE:
A5: 1. Go to the 'Hotels' sheet.
A6: 2. Click the filter arrow on 'District' and pick the district you need.
A7: 3. Click the filter arrow on 'Status' and select 'Active' only.
A8: 4. Click the filter arrow on 'Category' (Budget/Standard/Premium/Luxury) to match the package budget.
A9: 5. Sort 'Base Rate (Per Night)' ascending/descending using the filter arrow if comparing prices.
A10: 6. The visible rows are your shortlist — everything else is just hidden, not deleted.
A12: QUICK SUMMARY (auto-calculated)
A13: Total hotels on file | C13: =COUNTA(Hotels!A2:A300)-COUNTBLANK(Hotels!A2:A300) -> -293
A14: Active hotels | C14: =COUNTIF(Hotels!Q2:Q300,"Active") -> 3
A15: Pending verification | C15: =COUNTIF(Hotels!Q2:Q300,"Pending Verification") -> 0
A16: Not yet synced to Firebase | C16: =COUNTIF(Hotels!R2:R300,"No") -> 1
A17: Average base rate (Active hotels) | C17: =ROUND(AVERAGEIF(Hotels!Q2:Q300,"Active",Hotels!H2:H300),0) -> 3267
A20: ACTIVE HOTELS BY DISTRICT
A21: District | B21: Active Count | C21: Lowest Active Rate
A22: Shimla | B22: =COUNTIFS(Hotels!C2:C300,A22,Hotels!Q2:Q300,"Active") -> 1 | C22: =IFERROR(minifs(Hotels!H2:H300,Hotels!C2:C300,A22,Hotels!Q2:Q300,"Active"),"-") -> -
A23: Manali | B23: =COUNTIFS(Hotels!C2:C300,A23,Hotels!Q2:Q300,"Active") -> 2 | C23: =IFERROR(minifs(Hotels!H2:H300,Hotels!C2:C300,A23,Hotels!Q2:Q300,"Active"),"-") -> -
A24: Kullu | B24: =COUNTIFS(Hotels!C2:C300,A24,Hotels!Q2:Q300,"Active") -> 0 | C24: =IFERROR(minifs(Hotels!H2:H300,Hotels!C2:C300,A24,Hotels!Q2:Q300,"Active"),"-") -> -
A25: Kangra | B25: =COUNTIFS(Hotels!C2:C300,A25,Hotels!Q2:Q300,"Active") -> 0 | C25: =IFERROR(minifs(Hotels!H2:H300,Hotels!C2:C300,A25,Hotels!Q2:Q300,"Active"),"-") -> -
A26: Spiti | B26: =COUNTIFS(Hotels!C2:C300,A26,Hotels!Q2:Q300,"Active") -> 0 | C26: =IFERROR(minifs(Hotels!H2:H300,Hotels!C2:C300,A26,Hotels!Q2:Q300,"Active"),"-") -> -
A27: Kinnaur | B27: =COUNTIFS(Hotels!C2:C300,A27,Hotels!Q2:Q300,"Active") -> 0 | C27: =IFERROR(minifs(Hotels!H2:H300,Hotels!C2:C300,A27,Hotels!Q2:Q300,"Active"),"-") -> -
A28: Solan | B28: =COUNTIFS(Hotels!C2:C300,A28,Hotels!Q2:Q300,"Active") -> 0 | C28: =IFERROR(minifs(Hotels!H2:H300,Hotels!C2:C300,A28,Hotels!Q2:Q300,"Active"),"-") -> -
A29: Sirmaur | B29: =COUNTIFS(Hotels!C2:C300,A29,Hotels!Q2:Q300,"Active") -> 0 | C29: =IFERROR(minifs(Hotels!H2:H300,Hotels!C2:C300,A29,Hotels!Q2:Q300,"Active"),"-") -> -

Sheet Firebase Sync Notes
A1: Firebase Sync — Field Mapping Reference
A2: Use this as a cheat-sheet when manually pushing a hotel from this sheet into the garg-enterprise Firebase database.
A4: Sheet Column | B4: Suggested Firebase Field | C4: Notes
A5: Hotel ID | B5: hotel_id / key | C5: Use as the Firebase node key, e.g. hotels/HTL-001
A6: Hotel Name | B6: name
A7: District | B7: district | C7: Should match the slug casing used in districts node
A8: Location/Town | B8: location
A9: Category | B9: category | C9: budget / standard / premium / luxury (lowercase for consistency)
A10: Star Rating | B10: star_rating | C10: Number 1-5
A11: Rooms Available | B11: rooms_available
A12: Base Rate (Per Night) | B12: base_rate | C12: Mirrors package_pricing_matrix tiering logic if reused
A13: Peak Season Rate | B13: peak_rate
A14: Off Season Rate | B14: off_season_rate
A15: Extra Bed Charge | B15: extra_bed_charge
A16: Meal Plan | B16: meal_plan | C16: EP / CP / MAP / AP
A17: Phone / WhatsApp | B17: contact.phone / contact.whatsapp | C17: Nest under a contact object if following existing schema conventions
A18: Status | B18: status | C18: Set to 'inactive' hotels should not render on site even if node exists
A19: Image/Link | B19: image_url | C19: Point to your existing image hosting pattern, not hotel's own site
